{
  "1e12eb1bec38fe589cd7dfabe54f651157351314.png": {
    "title": "0-IntroCourse.png",
    "description": "IntroCourse",
    "tags": []
  },
  "95d81ad999500ec457b6cf1cb4cfca5c25485f4e.PNG": {
    "title": "10-IntroUnity.PNG",
    "description": "IntroUnity",
    "tags": []
  },
  "7e366329fda328e6fd9ee671467e3ae197c4abf5.PNG": {
    "title": "20-Intro3DGameKit.PNG",
    "description": "Intro 3D Gamekit",
    "tags": []
  },
  "78e4b7dc21736b178efddc2f4836e1ec3048f195.PNG": {
    "title": "1-Intro.PNG",
    "description": "Intro",
    "tags": []
  },
  "c1bc1523f5c7e06e19d85f37838cae828b27956c.jpg": {
    "title": "the-basics-of-game-design-how-to-design-a-video-game-6-638.jpg",
    "description": "Why do people play",
    "tags": []
  },
  "be21a9fb0e78316618bb7ff44fce79214964ba4e.PNG": {
    "title": "UnityHub.PNG",
    "description": "Unity Hub",
    "tags": []
  },
  "704ca552f0c5f5fc010e1c5fb95e5475e4012182.png": {
    "title": "gs_hub_installs_screen.png",
    "description": "UnityHub",
    "tags": []
  },
  "7f0cf3abf74284b3c1c7c4ffbd6ca59256360a14.png": {
    "title": "Editor-Breakdown.png",
    "description": "Unity Interface",
    "tags": []
  },
  "f3894b775288a6b5c7ae3d6034ab0b8d896d88e8.png": {
    "title": "AssetWorkflowImportingFiles.png",
    "description": "Asset types",
    "tags": []
  },
  "25dda40cce667d07ad9c744b42e1cb9a6830bbc4.png": {
    "title": "PrimitiveCapsule.png",
    "description": "Capsule object",
    "tags": []
  },
  "976ebc323afe0e34c04dfa48af8af650081d0f23.png": {
    "title": "PrimitiveSphere.png",
    "description": "Sphere",
    "tags": []
  },
  "683a018c76b1d0acbd35c96c8ed56ad87700fa7e.png": {
    "title": "AssetWorkflowFolderAndProjectWindow.png",
    "description": "Assets import",
    "tags": []
  },
  "64d3b30fe2fae3547de38ab3d03d1ac48abd1a94.png": {
    "title": "AssetWorkflowImportSettings.png",
    "description": "Import settings",
    "tags": []
  },
  "e3b9bf5a3844dd982e347589d96373af5b70baf8.PNG": {
    "title": "Capture.PNG",
    "description": "Asset Store",
    "tags": []
  },
  "bb6d61fcfa7b07da8c78dc881bbffa0b50838c56.png": {
    "title": "ImportPackageMenu.png",
    "description": "Asset Package1",
    "tags": []
  },
  "691114f9277f21903f62c921d2f2c2f035982ec0.png": {
    "title": "NewInstallImportPackageDialog.png",
    "description": "Asset Package2",
    "tags": []
  },
  "4780e9388f88f61fe4007f3f2f76ed10e9186f29.PNG": {
    "title": "GameView.PNG",
    "description": "Game view",
    "tags": []
  },
  "1e1faf24bb66edd0e23ac2d6ccf4db11e2e6c56c.PNG": {
    "title": "HierarchyWindows.PNG",
    "description": "Hierarchy Window",
    "tags": []
  },
  "0120b13948603f7e8494be44b8d5f28906636bcb.PNG": {
    "title": "InspectorWindows.PNG",
    "description": "Inspector Window",
    "tags": []
  },
  "203dc3bd455cec26a55aede4b1fb3903fddae86c.PNG": {
    "title": "ProjectWindow.PNG",
    "description": "Project windows",
    "tags": []
  },
  "3503d5bf6d3e59159dda765a4975d7a069462894.PNG": {
    "title": "SceneView.PNG",
    "description": "Scene view",
    "tags": []
  },
  "9e55c2f53d16a0314d35d15288804d0e447b4ec9.PNG": {
    "title": "Toolbar.PNG",
    "description": "Toolbar",
    "tags": []
  },
  "1e4846ac968339e12749dade99ab5486ea03d904.PNG": {
    "title": "Search.PNG",
    "description": "Search",
    "tags": []
  },
  "fc7fb3e6235cf3977ddcc01c08168368565570c0.gif": {
    "title": "DockZones.gif",
    "description": "Workspace",
    "tags": []
  },
  "f8529fd321da58d04caa3f11d3a2375279621c23.PNG": {
    "title": "Tutorial.PNG",
    "description": "FPS Tuto",
    "tags": []
  },
  "e7dc912817bb39c5f42589360e0d7da1d2d2cf60.PNG": {
    "title": "Capture.PNG",
    "description": "Scenes",
    "tags": []
  },
  "fb1d17880248060998d6c4a597b58d9750225d4a.PNG": {
    "title": "Capture.PNG",
    "description": "Terrain Limits",
    "tags": []
  },
  "4d0cc61b40561000515e8b9798725558d66b8787.PNG": {
    "title": "Capture.PNG",
    "description": "New scene",
    "tags": []
  },
  "f465b08ef6a0c991a22b30a94832b02cb76c5bc3.PNG": {
    "title": "Capture.PNG",
    "description": "Datafiles",
    "tags": []
  },
  "b64d93a78baf4427905fef85ff595b20e6a46eae.PNG": {
    "title": "Capture.PNG",
    "description": "LimitEGO Box Collider",
    "tags": []
  },
  "7bed5201cdfdc00e51518d9a8179f634cec20df0.PNG": {
    "title": "Capture.PNG",
    "description": "Environment Layer ",
    "tags": []
  },
  "95805001456684291542eba2f688da21acf3ff05.PNG": {
    "title": "Capture.PNG",
    "description": "InfoZone",
    "tags": []
  },
  "b514a7ce8082950a73b16269cf525e779dcfe75d.PNG": {
    "title": "Capture.PNG",
    "description": "InfoZone1",
    "tags": []
  },
  "e709f6402aba26a87b1f784d71196391fb3b28d3.PNG": {
    "title": "Capture.PNG",
    "description": "Counters and Switches",
    "tags": []
  },
  "7d0bddab1790950f44e526cfa392ca159482290e.PNG": {
    "title": "Capture.PNG",
    "description": "Switch",
    "tags": []
  },
  "616cd3666b2ca8e21ab5524815408ce10e4bf9d6.PNG": {
    "title": "Capture.PNG",
    "description": "Counter",
    "tags": []
  },
  "d93a98164b5bb8ac484018aa32ba2b1ecba0f8a0.png": {
    "title": "Capture d’écran (3).png",
    "description": "Virtual Camera",
    "tags": []
  },
  "a7d738889e2281a06261b8ae0ff5b8a0d631d200.png": {
    "title": "Capture d’écran (4).png",
    "description": "Access Timeline",
    "tags": []
  },
  "7f1f1f9fa5f922d3071ee7e6d900434fe0f1b935.png": {
    "title": "Capture d’écran (5).png",
    "description": "Timeline Window",
    "tags": []
  },
  "3e60e2a93ae8925b67a15b337c5c4fa310902cb2.PNG": {
    "title": "Capture.PNG",
    "description": "Layout",
    "tags": []
  },
  "3a962ffc7a085892ae9dbd855ccfdcdfb5433ac4.PNG": {
    "title": "Capture.PNG",
    "description": "Camera Brain",
    "tags": []
  },
  "c100ac443ca4c0d20a688b329b4416081fd4e66d.jpg": {
    "title": "InkedCapture_LI.jpg",
    "description": "Cinematic Timeline",
    "tags": []
  },
  "d954accf89770e501176f7ea6cf34b16675db5a2.PNG": {
    "title": "Capture.PNG",
    "description": "Timeline",
    "tags": []
  },
  "ebae392f83926f707bcaf42f10d3e72ffa7f3ede.PNG": {
    "title": "Capture2.PNG",
    "description": "Cinemachine",
    "tags": []
  },
  "b6ecc40f8a04d442b2c8b2b2079136c8e2c58e8b.PNG": {
    "title": "Capture.PNG",
    "description": "Levels",
    "tags": []
  },
  "2e42dda8894810b93b2d22296d2a487e18748abb.PNG": {
    "title": "Capture.PNG",
    "description": "Transition Start",
    "tags": []
  },
  "01a114b41cc1d28f5dbaaaad7d2ee752455d3e41.PNG": {
    "title": "Capture.PNG",
    "description": "ProBuilder",
    "tags": []
  },
  "3023c3673c7dc5099b90487b8fb1d396b4db719b.PNG": {
    "title": "Capture.PNG",
    "description": "Object Mode",
    "tags": []
  },
  "0a0ae88c8caf08efea0316fb3000ea5cc231bb67.PNG": {
    "title": "Capture.PNG",
    "description": " Four Modes",
    "tags": []
  },
  "2753c3e57e7065667ada5adbee8dd480cb5e8bb4.PNG": {
    "title": "Capture.PNG",
    "description": "Edge",
    "tags": []
  },
  "11f63c21a02393b6029eb5a8dc1ef044190b6ad2.PNG": {
    "title": "CaptureFace.PNG",
    "description": "Face",
    "tags": []
  },
  "ffc9bc8d7a3fb619efc4c4efc6fe82728d024799.PNG": {
    "title": "Capture.PNG",
    "description": "New Shape",
    "tags": []
  },
  "2713ed54b7ffbd5c589bf0ddff27798e3c57335b.PNG": {
    "title": "Polybrush.PNG",
    "description": "Polybrush",
    "tags": []
  },
  "ec52c194db8616923e6936addb754fba503f7778.PNG": {
    "title": "Capture.PNG",
    "description": "PolyBrush Color palette",
    "tags": []
  },
  "2830cf8ee3946289c3b0b55a8c09d556e7140540.PNG": {
    "title": "Capture.PNG",
    "description": "Environment",
    "tags": []
  },
  "d478d8463329b6bcc48067fdc40405315b26b70f.PNG": {
    "title": "Lod.PNG",
    "description": "LOD",
    "tags": []
  },
  "4a3841892526f836c0dbc6f2f080bb7cb00d6273.png": {
    "title": "Capture d’écran (7).png",
    "description": "VegetationPainter",
    "tags": []
  },
  "44bb01f4c446d95ecdfad61c51e41bfa2be78828.png": {
    "title": "Capture d’écran (8).png",
    "description": "VegetationSmall",
    "tags": []
  },
  "c5ee118a280203d89905fa449496c94b11f1244b.png": {
    "title": "Capture d’écran (9).png",
    "description": "VegetationMedium",
    "tags": []
  },
  "08d8f66101764356006e283fd668a4b34b25bc1f.png": {
    "title": "Capture d’écran (10).png",
    "description": "VegetationLarge",
    "tags": []
  },
  "cbf3d7865b315c1f11b40ad8f2f80f864bcfe5b5.png": {
    "title": "Capture d’écran (11).png",
    "description": "Rocksmall",
    "tags": []
  },
  "8c20e01eedf5d03d82b689bbfc36bb7c3fb845cc.PNG": {
    "title": "Capture.PNG",
    "description": "SphereCollider",
    "tags": []
  },
  "def9b002633d8dd0c1a7e3afd2d99bf6664fcf2e.PNG": {
    "title": "Capture.PNG",
    "description": "HierarchyAndProjectViews",
    "tags": []
  },
  "0d538ba08826064cfa97311f6592f7cfed93e725.PNG": {
    "title": "Capture.PNG",
    "description": "DoorHugeGateway",
    "tags": []
  },
  "d000231fa0e4bc46797a1bc2ed64cf1a98f5886e.PNG": {
    "title": "Capture.PNG",
    "description": "DoorHugeGatewayView2",
    "tags": []
  },
  "02ecbd44893f9710fc59dfba4616a94805a8f17b.PNG": {
    "title": "Capture.PNG",
    "description": "Teleport",
    "tags": []
  },
  "adfa8c0ceb8250eeb0947f8b713f1f7cd63b02be.PNG": {
    "title": "Capture.PNG",
    "description": "CompileWindows",
    "tags": []
  },
  "7486329ed3b4e1fb1b57bc262d7e1b22bce77dfe.PNG": {
    "title": "Capture.PNG",
    "description": "OtherSettings",
    "tags": []
  },
  "35ef872270c2895deb71c2c151a90f5ead81ba06.PNG": {
    "title": "Capture.PNG",
    "description": "RunGame",
    "tags": []
  },
  "368a776d95e439b930db870f531e06f048389b54.png": {
    "title": "gs_choose_components.png",
    "description": "UnityModules",
    "tags": []
  },
  "ac7933bf85f81d3446a856b4da61db2f0f8c7f15.png": {
    "title": "gs_hub_installs_screen2.png",
    "description": "UnityVersion",
    "tags": []
  },
  "ce971f6a5b2458f492f331e467d9efe60528433d.PNG": {
    "title": "Capture.PNG",
    "description": "3DGameKitAssetStore",
    "tags": []
  },
  "8cc9f929f4dffd890001f6d4e3dcd759461af363.PNG": {
    "title": "Capture.PNG",
    "description": "ExampleProjectStartScene",
    "tags": []
  }
}