[
  {
    "title": "Section 1 (Prepare) - Install the necessary software",
    "displayTitle": "Section 1 (Prepare) - Install the necessary software",
    "body": "<p>This section 1 (Prepare) includes the following activities:</p><ul><li><strong>Activity 4: Lab 1.1.&nbsp;</strong>Install and configure Unity</li><li><strong>Activity 5:&nbsp;Lab 1.2</strong>. Integrate the 3D GameKit into Unity (from the Unity's Asset Store)</li></ul>",
    "_classes": "",
    "pageBody": "<div><p>&nbsp;</p></div>",
    "linkText": "View",
    "duration": "",
    "_lockedBy": [],
    "_lockType": "",
    "_isOptional": false,
    "_isAvailable": true,
    "_isHidden": false,
    "_isVisible": true,
    "_id": "5d794b1b3449cb0e342bc926",
    "_parentId": "5d7945f53449cb0e342bc8f9",
    "_type": "menu",
    "_graphic": {
      "alt": "",
      "src": "course/en/assets/95d81ad999500ec457b6cf1cb4cfca5c25485f4e.PNG"
    },
    "_onScreen": {
      "_isEnabled": false,
      "_classes": "",
      "_percentInviewVertical": 50
    }
  },
  {
    "title": "Section 2 (Learn) - Introduction to Unity",
    "displayTitle": "Section 2 (Learn) - Introduction to Unity",
    "body": "<p>In this section, the learner will get familiar with the Unity interface and the basic Unity concepts. The activities included in this section are:</p><ul><li><strong>Activity 6: Lab 2.1.&nbsp;</strong>Basics of Unity's interface</li></ul><p>&nbsp;</p>",
    "_classes": "",
    "pageBody": "",
    "linkText": "View",
    "duration": "",
    "_lockedBy": [],
    "_lockType": "",
    "_isOptional": false,
    "_isAvailable": true,
    "_isHidden": false,
    "_isVisible": true,
    "_id": "5d794b393449cb0e342bc928",
    "_parentId": "5d7946483449cb0e342bc8fa",
    "_type": "menu",
    "_graphic": {
      "alt": "",
      "src": "course/en/assets/25dda40cce667d07ad9c744b42e1cb9a6830bbc4.png"
    },
    "_onScreen": {
      "_isEnabled": false,
      "_classes": "",
      "_percentInviewVertical": 50
    }
  },
  {
    "title": "Section title",
    "displayTitle": "Section title",
    "body": "",
    "_classes": "",
    "pageBody": "",
    "linkText": "View",
    "duration": "",
    "_lockedBy": [],
    "_lockType": "",
    "_isOptional": false,
    "_isAvailable": true,
    "_isHidden": false,
    "_isVisible": true,
    "_id": "5d794b4c3449cb0e342bc92a",
    "_parentId": "5d7949d33449cb0e342bc909",
    "_type": "menu",
    "_graphic": {
      "alt": "",
      "src": "course/en/assets/c5ee118a280203d89905fa449496c94b11f1244b.png"
    },
    "_onScreen": {
      "_isEnabled": false,
      "_classes": "",
      "_percentInviewVertical": 50
    }
  },
  {
    "title": "Section title",
    "displayTitle": "Section title",
    "body": "",
    "_classes": "",
    "pageBody": "",
    "linkText": "View",
    "duration": "",
    "_lockedBy": [],
    "_lockType": "",
    "_isOptional": false,
    "_isAvailable": true,
    "_isHidden": false,
    "_isVisible": true,
    "_id": "5d794b573449cb0e342bc92c",
    "_parentId": "5d794a5d3449cb0e342bc90b",
    "_type": "menu",
    "_graphic": {
      "alt": "",
      "src": "course/en/assets/cbf3d7865b315c1f11b40ad8f2f80f864bcfe5b5.png"
    },
    "_onScreen": {
      "_isEnabled": false,
      "_classes": "",
      "_percentInviewVertical": 50
    }
  },
  {
    "title": "Activity 4 - Lab 1.1. Install and configure Unity",
    "displayTitle": "Activity 4 - Lab 1.1. Install and configure Unity",
    "body": "<p>Activity 4 - Lab 1.1. Install and configure Unity</p>",
    "_classes": "",
    "pageBody": "",
    "linkText": "View",
    "duration": "",
    "_lockedBy": [],
    "_lockType": "",
    "_isOptional": false,
    "_isAvailable": true,
    "_isHidden": false,
    "_isVisible": true,
    "_id": "5d794b7e3449cb0e342bc92e",
    "_parentId": "5d794b1b3449cb0e342bc926",
    "_type": "page",
    "_graphic": {
      "alt": "",
      "src": "course/en/assets/95d81ad999500ec457b6cf1cb4cfca5c25485f4e.PNG"
    },
    "_onScreen": {
      "_isEnabled": false,
      "_classes": "",
      "_percentInviewVertical": 50
    }
  },
  {
    "title": "Activity 6: Lab 2.1. Basics of Unity's interface",
    "displayTitle": "Activity 6: Lab 2.1. Basics of Unity's interface",
    "body": "<p>Activity 6: Lab 2.1. Introduce the learner to the basic game design concepts with Unity and to the Unity interface.</p>",
    "_classes": "",
    "pageBody": "",
    "linkText": "View",
    "duration": "",
    "_lockedBy": [],
    "_lockType": "",
    "_isOptional": false,
    "_isAvailable": true,
    "_isHidden": false,
    "_isVisible": true,
    "_id": "5d794b8b3449cb0e342bc932",
    "_parentId": "5d794b393449cb0e342bc928",
    "_type": "page",
    "_graphic": {
      "alt": "",
      "src": "course/en/assets/25dda40cce667d07ad9c744b42e1cb9a6830bbc4.png"
    },
    "_onScreen": {
      "_isEnabled": false,
      "_classes": "",
      "_percentInviewVertical": 50
    }
  },
  {
    "title": "Page title",
    "displayTitle": "Page title",
    "body": "",
    "_classes": "",
    "pageBody": "",
    "linkText": "View",
    "duration": "",
    "_lockedBy": [],
    "_lockType": "",
    "_isOptional": false,
    "_isAvailable": true,
    "_isHidden": false,
    "_isVisible": true,
    "_id": "5d794ba93449cb0e342bc93a",
    "_parentId": "5d794b573449cb0e342bc92c",
    "_type": "page"
  },
  {
    "title": "SECTION 0 - INTRODUCTION",
    "displayTitle": "SECTION 0 - INTRODUCTION",
    "body": "<p>In this section, a general presentation of the course and of its structure are&nbsp;made. The learner will then better understand how the learning objectives will be reached.</p>",
    "_classes": "",
    "pageBody": "",
    "linkText": "View",
    "duration": "",
    "_lockedBy": [],
    "_lockType": "",
    "_isOptional": false,
    "_isAvailable": true,
    "_isHidden": false,
    "_isVisible": true,
    "_id": "5d794e5a3449cb0e342bc93e",
    "_parentId": "course",
    "_type": "menu",
    "_graphic": {
      "alt": "",
      "src": "course/en/assets/25dda40cce667d07ad9c744b42e1cb9a6830bbc4.png"
    },
    "_onScreen": {
      "_isEnabled": false,
      "_classes": "",
      "_percentInviewVertical": 50
    }
  },
  {
    "title": "Section 0 (Introduction) - Activity 1 - Introduction to the course",
    "displayTitle": "Section 0 (Introduction) - Activity 1 - Introduction to the course",
    "body": "<p>A general presentation of the course and its objectives and methodology</p>",
    "_classes": "",
    "pageBody": "",
    "linkText": "View",
    "duration": "",
    "_lockedBy": [],
    "_lockType": "",
    "_isOptional": false,
    "_isAvailable": true,
    "_isHidden": false,
    "_isVisible": true,
    "_id": "5d794e623449cb0e342bc93f",
    "_parentId": "5d794e5a3449cb0e342bc93e",
    "_type": "page",
    "_graphic": {
      "alt": "",
      "src": "course/en/assets/25dda40cce667d07ad9c744b42e1cb9a6830bbc4.png"
    },
    "_onScreen": {
      "_isEnabled": false,
      "_classes": "",
      "_percentInviewVertical": 50
    }
  },
  {
    "title": "Page title",
    "displayTitle": "Page title",
    "body": "",
    "_classes": "",
    "pageBody": "",
    "linkText": "View",
    "duration": "",
    "_lockedBy": [],
    "_lockType": "",
    "_isOptional": false,
    "_isAvailable": true,
    "_isHidden": false,
    "_isVisible": true,
    "_id": "5d7a409e68be3b178879709d",
    "_parentId": "5d794b4c3449cb0e342bc92a",
    "_type": "page"
  },
  {
    "title": "SECTION 1 - PREPARE",
    "displayTitle": "SECTION 1 - PREPARE",
    "body": "<p>This section is aimed at preparing the learner to develop games with 3D GameKit by installing and configuring the necessary software tools on his/her computer.</p>",
    "_classes": "",
    "pageBody": "",
    "linkText": "View",
    "duration": "",
    "_lockedBy": [],
    "_lockType": "",
    "_isOptional": false,
    "_isAvailable": true,
    "_isHidden": false,
    "_isVisible": true,
    "_id": "5d7945f53449cb0e342bc8f9",
    "_parentId": "course",
    "_type": "menu",
    "_graphic": {
      "alt": "",
      "src": "course/en/assets/95d81ad999500ec457b6cf1cb4cfca5c25485f4e.PNG"
    },
    "_onScreen": {
      "_isEnabled": false,
      "_classes": "",
      "_percentInviewVertical": 50
    }
  },
  {
    "title": "Section 0 (Introduction) - Activity 2 - Structure of the course",
    "displayTitle": "Section 0 (Introduction) - Activity 2 - Structure of the course",
    "body": "<p>In this activity, we will describes the five (5)&nbsp;components of this course and how they integrate together.</p>",
    "_classes": "",
    "pageBody": "",
    "linkText": "View",
    "duration": "",
    "_lockedBy": [],
    "_lockType": "",
    "_isOptional": false,
    "_isAvailable": true,
    "_isHidden": false,
    "_isVisible": true,
    "_id": "5d7952c73449cb0e342bc94a",
    "_parentId": "5d794e5a3449cb0e342bc93e",
    "_type": "page",
    "_graphic": {
      "alt": "",
      "src": "course/en/assets/25dda40cce667d07ad9c744b42e1cb9a6830bbc4.png"
    },
    "_onScreen": {
      "_isEnabled": false,
      "_classes": "",
      "_percentInviewVertical": 50
    }
  },
  {
    "title": "Section 2 (Learn) - Designing Games with 3D GameKit",
    "displayTitle": "Section 2 (Learn) - Designing Games with 3D GameKit",
    "body": "",
    "_classes": "",
    "pageBody": "",
    "linkText": "View",
    "duration": "",
    "_lockedBy": [],
    "_lockType": "",
    "_isOptional": false,
    "_isAvailable": true,
    "_isHidden": false,
    "_isVisible": true,
    "_id": "5d79f24168be3b1788796ec9",
    "_parentId": "5d7946483449cb0e342bc8fa",
    "_type": "menu",
    "_graphic": {
      "alt": "",
      "src": "course/en/assets/7e366329fda328e6fd9ee671467e3ae197c4abf5.PNG"
    },
    "_onScreen": {
      "_isEnabled": false,
      "_classes": "",
      "_percentInviewVertical": 50
    }
  },
  {
    "title": "Activity 15: Lab 1.15. Terrain Limits",
    "displayTitle": "Activity 15: Lab 1.15. Terrain Limits",
    "body": "<p>We will, in this lab, impose limits on the game plane that we use as a terrain so that Ellen does not fall out of the plane. We will create a new scene to do this. We will also start structuring our own work assets.</p>",
    "_classes": "",
    "pageBody": "",
    "linkText": "View",
    "duration": "30 mn",
    "_lockedBy": [],
    "_lockType": "",
    "_isOptional": false,
    "_isAvailable": true,
    "_isHidden": false,
    "_isVisible": true,
    "_id": "5d7a121268be3b1788796f21",
    "_type": "page",
    "_parentId": "5d79f24168be3b1788796ec9",
    "_graphic": {
      "alt": "",
      "src": "course/en/assets/fb1d17880248060998d6c4a597b58d9750225d4a.PNG"
    },
    "_onScreen": {
      "_isEnabled": false,
      "_classes": "",
      "_percentInviewVertical": 50
    }
  },
  {
    "title": "Activity 5 - Lab 1.2. Integrate the 3D GameKit into Unity",
    "displayTitle": "Activity 5 - Lab 1.2. Integrate the 3D GameKit into Unity",
    "body": "<p>Activity 5 - Lab 1.2. Integrate the 3D GameKit into Unity</p>",
    "_classes": "",
    "pageBody": "",
    "linkText": "View",
    "duration": "",
    "_lockedBy": [],
    "_lockType": "",
    "_isOptional": false,
    "_isAvailable": true,
    "_isHidden": false,
    "_isVisible": true,
    "_id": "5d7a773f68be3b17887970c1",
    "_parentId": "5d794b1b3449cb0e342bc926",
    "_type": "page",
    "_graphic": {
      "alt": "",
      "src": "course/en/assets/95d81ad999500ec457b6cf1cb4cfca5c25485f4e.PNG"
    },
    "_onScreen": {
      "_isEnabled": false,
      "_classes": "",
      "_percentInviewVertical": 50
    }
  },
  {
    "title": "SECTION 2 - LEARN",
    "displayTitle": "SECTION 2 - LEARN",
    "body": "<p>In this (long) section, we will learn first how to use core game design framework called Unity on which 3D GameKit relies and then we will learn some game design concepts with&nbsp;the 3D GameKit.</p>",
    "_classes": "",
    "pageBody": "",
    "linkText": "View",
    "duration": "",
    "_lockedBy": [],
    "_lockType": "",
    "_isOptional": false,
    "_isAvailable": true,
    "_isHidden": false,
    "_isVisible": true,
    "_id": "5d7946483449cb0e342bc8fa",
    "_parentId": "course",
    "_type": "menu",
    "_graphic": {
      "alt": "",
      "src": "course/en/assets/7e366329fda328e6fd9ee671467e3ae197c4abf5.PNG"
    },
    "_onScreen": {
      "_isEnabled": false,
      "_classes": "",
      "_percentInviewVertical": 50
    }
  },
  {
    "title": "Section 0 (Introduction) - Activity 3 - Syllabus",
    "displayTitle": "Section 0 (Introduction) - Activity 3 - Syllabus",
    "body": "<p>In this activity, we will describes the five (5)&nbsp;components of this course and how they integrate together.</p>",
    "_classes": "",
    "pageBody": "",
    "linkText": "View",
    "duration": "",
    "_lockedBy": [],
    "_lockType": "",
    "_isOptional": false,
    "_isAvailable": true,
    "_isHidden": false,
    "_isVisible": true,
    "_id": "5d795ce13449cb0e342bc952",
    "_parentId": "5d794e5a3449cb0e342bc93e",
    "_type": "page",
    "_graphic": {
      "alt": "",
      "src": "course/en/assets/25dda40cce667d07ad9c744b42e1cb9a6830bbc4.png"
    },
    "_onScreen": {
      "_isEnabled": false,
      "_classes": "",
      "_percentInviewVertical": 50
    }
  },
  {
    "title": "Activity 16: Lab 1.16. Information Zone",
    "displayTitle": "Activity 16: Lab 1.16. Information Zone",
    "body": "<p>Use the InfoZone prefab to help the protagonist dialog with the player. Entering the InfoZone displays a message. Exiting the InfoZone makes the message disappear.</p>",
    "_classes": "",
    "pageBody": "",
    "linkText": "View",
    "duration": "30 mn",
    "_lockedBy": [],
    "_lockType": "",
    "_isOptional": false,
    "_isAvailable": true,
    "_isHidden": false,
    "_isVisible": true,
    "_id": "5d7a12e168be3b1788796f64",
    "_type": "page",
    "_parentId": "5d79f24168be3b1788796ec9",
    "_graphic": {
      "alt": "",
      "src": "course/en/assets/95805001456684291542eba2f688da21acf3ff05.PNG"
    },
    "_onScreen": {
      "_isEnabled": false,
      "_classes": "",
      "_percentInviewVertical": 50
    }
  },
  {
    "title": "SECTION 3 - DO",
    "displayTitle": "SECTION 3 - DO",
    "body": "<p>This is a mini-project either given by the instructor or based on an idea presented by the learner and validated by the instructor. The game will be played by the other participants at different levels of development (not just the final version) and will be evaluated by the peers.</p>",
    "_classes": "",
    "pageBody": "",
    "linkText": "View",
    "duration": "",
    "_lockedBy": [],
    "_lockType": "",
    "_isOptional": false,
    "_isAvailable": true,
    "_isHidden": false,
    "_isVisible": true,
    "_id": "5d7949d33449cb0e342bc909",
    "_parentId": "course",
    "_type": "menu",
    "_graphic": {
      "alt": "",
      "src": "course/en/assets/4a3841892526f836c0dbc6f2f080bb7cb00d6273.png"
    },
    "_onScreen": {
      "_isEnabled": false,
      "_classes": "",
      "_percentInviewVertical": 50
    }
  },
  {
    "title": "Activity 17: Lab 1.17. Counters and Switches",
    "displayTitle": "Activity 17: Lab 1.17. Counters and Switches",
    "body": "<p>Use the Counter prefab to connect objects together (when activation of one object has an effect on another object). For example, when 3 Switch objects are activated by Ellen, the Door will open.</p>",
    "_classes": "",
    "pageBody": "",
    "linkText": "View",
    "duration": "30 mn",
    "_lockedBy": [],
    "_lockType": "",
    "_isOptional": false,
    "_isAvailable": true,
    "_isHidden": false,
    "_isVisible": true,
    "_id": "5d7a131468be3b1788796f7b",
    "_type": "page",
    "_parentId": "5d79f24168be3b1788796ec9",
    "_graphic": {
      "alt": "",
      "src": "course/en/assets/e709f6402aba26a87b1f784d71196391fb3b28d3.PNG"
    },
    "_onScreen": {
      "_isEnabled": false,
      "_classes": "",
      "_percentInviewVertical": 50
    }
  },
  {
    "title": "SECTION 4 - SHOW",
    "displayTitle": "SECTION 4 - SHOW",
    "body": "<p>During the Demo Day (D-Day) the final project will be presented to the visitors and finally to&nbsp;a jury and graded according to certain criteria such as innovative aspect of the game, mastery of the learned tools and concepts, quality of the product (how well finished is it? How fun is it?) and the grades from other participants.</p>",
    "_classes": "",
    "pageBody": "",
    "linkText": "View",
    "duration": "",
    "_lockedBy": [],
    "_lockType": "",
    "_isOptional": false,
    "_isAvailable": true,
    "_isHidden": false,
    "_isVisible": true,
    "_id": "5d794a5d3449cb0e342bc90b",
    "_parentId": "course",
    "_type": "menu",
    "_graphic": {
      "alt": "",
      "src": "course/en/assets/0a0ae88c8caf08efea0316fb3000ea5cc231bb67.PNG"
    },
    "_onScreen": {
      "_isEnabled": false,
      "_classes": "",
      "_percentInviewVertical": 50
    }
  },
  {
    "title": "Activity 18: Lab 1.18. Cinematic Timeline",
    "displayTitle": "Activity 18: Lab 1.18. Cinematic Timeline",
    "body": "<p>Learn how to create cut scenes (a sequence in a video game that is not interactive, breaking up the gameplay). First, you need to&nbsp;review design documents to understand what you need to tell the player in the scene, and storyboard out your designs.</p><p><strong>Cinemachine </strong>is an intelligent camera system that contributes considerably to the narration of the story.&nbsp;<strong>Timeline</strong>&nbsp;can be used to to create cinematic content, game-play sequences, audio sequences, and complex particle effects.</p>",
    "_classes": "",
    "pageBody": "",
    "linkText": "View",
    "duration": "30 mn",
    "_lockedBy": [],
    "_lockType": "",
    "_isOptional": false,
    "_isAvailable": true,
    "_isHidden": false,
    "_isVisible": true,
    "_id": "5d7a136a68be3b1788796f8f",
    "_type": "page",
    "_parentId": "5d79f24168be3b1788796ec9",
    "_graphic": {
      "alt": "",
      "src": "course/en/assets/c100ac443ca4c0d20a688b329b4416081fd4e66d.jpg"
    },
    "_onScreen": {
      "_isEnabled": false,
      "_classes": "",
      "_percentInviewVertical": 50
    }
  },
  {
    "title": "Activity 19: Lab 1.19. Scenes Transitions",
    "displayTitle": "Activity 19: Lab 1.19. Scenes Transitions",
    "body": "<p>In this activity we will learn how to transition between scenes (or levels)</p>",
    "_classes": "",
    "pageBody": "",
    "linkText": "View",
    "duration": "30 mn",
    "_lockedBy": [],
    "_lockType": "",
    "_isOptional": false,
    "_isAvailable": true,
    "_isHidden": false,
    "_isVisible": true,
    "_id": "5d7a13cb68be3b1788796fc2",
    "_type": "page",
    "_parentId": "5d79f24168be3b1788796ec9",
    "_graphic": {
      "alt": "",
      "src": "course/en/assets/b6ecc40f8a04d442b2c8b2b2079136c8e2c58e8b.PNG"
    },
    "_onScreen": {
      "_isEnabled": false,
      "_classes": "",
      "_percentInviewVertical": 50
    }
  },
  {
    "title": "Activity 20: Lab 2.1. Terrain modelization with Probuilder tools",
    "displayTitle": "Activity 20: Lab 2.1. Terrain modelization with Probuilder tools",
    "body": "<p>ProBuilder allows the designer to create complex 3D terrains from inside Unity and without having to use external&nbsp;design tools such as Blender,&nbsp;Maya, Cinema4D or 3DSMax.</p>",
    "_classes": "",
    "pageBody": "",
    "linkText": "View",
    "duration": "30 mn",
    "_lockedBy": [],
    "_lockType": "",
    "_isOptional": false,
    "_isAvailable": true,
    "_isHidden": false,
    "_isVisible": true,
    "_id": "5d7a13fc68be3b1788796feb",
    "_type": "page",
    "_parentId": "5d79f24168be3b1788796ec9",
    "_graphic": {
      "alt": "",
      "src": "course/en/assets/01a114b41cc1d28f5dbaaaad7d2ee752455d3e41.PNG"
    },
    "_onScreen": {
      "_isEnabled": false,
      "_classes": "",
      "_percentInviewVertical": 50
    }
  },
  {
    "title": "Activity 21: Lab 2.2. Polybrush Vertex Colorization",
    "displayTitle": "Activity 21: Lab 2.2. Polybrush Vertex Colorization",
    "body": "<p>Polybrush allows the developer to work with textures and colors, to sculpt meshes and integrate the objects directly&nbsp;into the Unity.Editor.</p>",
    "_classes": "",
    "pageBody": "",
    "linkText": "View",
    "duration": "30 mn",
    "_lockedBy": [],
    "_lockType": "",
    "_isOptional": false,
    "_isAvailable": true,
    "_isHidden": false,
    "_isVisible": true,
    "_id": "5d7a142c68be3b1788797014",
    "_type": "page",
    "_parentId": "5d79f24168be3b1788796ec9",
    "_graphic": {
      "alt": "",
      "src": "course/en/assets/2713ed54b7ffbd5c589bf0ddff27798e3c57335b.PNG"
    },
    "_onScreen": {
      "_isEnabled": false,
      "_classes": "",
      "_percentInviewVertical": 50
    }
  },
  {
    "title": "Activity 22: Lab 2.3. Get familiar with the Environment prefabs",
    "displayTitle": "Activity 22: Lab 2.3. Get familiar with the Environment prefabs",
    "body": "<p>In this activity we will take a look at the Environment Prefabs in order to populate our scene with real world objects such as rocks. We&nbsp;will also look at the meaning of the LOD.</p>",
    "_classes": "",
    "pageBody": "",
    "linkText": "View",
    "duration": "30 mn",
    "_lockedBy": [],
    "_lockType": "",
    "_isOptional": false,
    "_isAvailable": true,
    "_isHidden": false,
    "_isVisible": true,
    "_id": "5d7a3dc468be3b1788797022",
    "_type": "page",
    "_parentId": "5d79f24168be3b1788796ec9",
    "_graphic": {
      "alt": "",
      "src": "course/en/assets/2830cf8ee3946289c3b0b55a8c09d556e7140540.PNG"
    },
    "_onScreen": {
      "_isEnabled": false,
      "_classes": "",
      "_percentInviewVertical": 50
    }
  },
  {
    "title": "Activity 23: Lab 2.4. Adding vegetation and painting rocks",
    "displayTitle": "Activity 23: Lab 2.4. Adding vegetation and painting rocks",
    "body": "<p>In this activity we will paint the rocks and vegetation in our scene using the VegetationPainter and the RocksPainter objects available in the Hierarchy.</p>",
    "_classes": "",
    "pageBody": "",
    "linkText": "View",
    "duration": "30 mn",
    "_lockedBy": [],
    "_lockType": "",
    "_isOptional": false,
    "_isAvailable": true,
    "_isHidden": false,
    "_isVisible": true,
    "_id": "5d7a3e3268be3b178879703a",
    "_type": "page",
    "_parentId": "5d79f24168be3b1788796ec9",
    "_graphic": {
      "alt": "",
      "src": "course/en/assets/4a3841892526f836c0dbc6f2f080bb7cb00d6273.png"
    },
    "_onScreen": {
      "_isEnabled": false,
      "_classes": "",
      "_percentInviewVertical": 50
    }
  },
  {
    "title": "Activity 24: Lab 2.5. Audio and Sound Management",
    "displayTitle": "Activity 24: Lab 2.5. Audio and Sound Management",
    "body": "<p>In this activity we will learn how to integrate audio to our scenes as audio is a very important aspect of the quality of a game.</p>",
    "_classes": "",
    "pageBody": "",
    "linkText": "View",
    "duration": "30 mn",
    "_lockedBy": [],
    "_lockType": "",
    "_isOptional": false,
    "_isAvailable": true,
    "_isHidden": false,
    "_isVisible": true,
    "_id": "5d7a3e6068be3b1788797054",
    "_type": "page",
    "_parentId": "5d79f24168be3b1788796ec9",
    "_graphic": {
      "alt": "",
      "src": "course/en/assets/8c20e01eedf5d03d82b689bbfc36bb7c3fb845cc.PNG"
    },
    "_onScreen": {
      "_isEnabled": false,
      "_classes": "",
      "_percentInviewVertical": 50
    }
  },
  {
    "title": "Activity 25: Lab 3.1. Compiling - Scene Management",
    "displayTitle": "Activity 25: Lab 3.1. Compiling - Scene Management",
    "body": "<p>In this activity we will learn how to structure the Hierarchy in order to make it more understandable and easier to manage, especially when the number of objects grows considerably.</p>",
    "_classes": "",
    "pageBody": "",
    "linkText": "View",
    "duration": "30 mn",
    "_lockedBy": [],
    "_lockType": "",
    "_isOptional": false,
    "_isAvailable": true,
    "_isHidden": false,
    "_isVisible": true,
    "_id": "5d7a3e9968be3b178879705e",
    "_type": "page",
    "_parentId": "5d79f24168be3b1788796ec9",
    "_graphic": {
      "alt": "",
      "src": "course/en/assets/def9b002633d8dd0c1a7e3afd2d99bf6664fcf2e.PNG"
    },
    "_onScreen": {
      "_isEnabled": false,
      "_classes": "",
      "_percentInviewVertical": 50
    }
  },
  {
    "title": "Activity 26: Lab 3.2. Compiling - Creating your own level",
    "displayTitle": "Activity 26: Lab 3.2. Compiling - Creating your own level",
    "body": "<p>In this activity we will create our own level, making sure we use all the features we have learned so far.</p>",
    "_classes": "",
    "pageBody": "",
    "linkText": "View",
    "duration": "30 mn",
    "_lockedBy": [],
    "_lockType": "",
    "_isOptional": false,
    "_isAvailable": true,
    "_isHidden": false,
    "_isVisible": true,
    "_id": "5d7a3ee868be3b1788797068",
    "_type": "page",
    "_parentId": "5d79f24168be3b1788796ec9",
    "_graphic": {
      "alt": "",
      "src": "course/en/assets/0d538ba08826064cfa97311f6592f7cfed93e725.PNG"
    },
    "_onScreen": {
      "_isEnabled": false,
      "_classes": "",
      "_percentInviewVertical": 50
    }
  },
  {
    "title": "Activity 27: Lab 3.3. Compiling for Windows (.exe version)",
    "displayTitle": "Activity 27: Lab 3.3. Compiling for Windows (.exe version)",
    "body": "<p>In this activity we will compile our game to make an executable Windows version.</p>",
    "_classes": "",
    "pageBody": "",
    "linkText": "View",
    "duration": "30 mn",
    "_lockedBy": [],
    "_lockType": "",
    "_isOptional": false,
    "_isAvailable": true,
    "_isHidden": false,
    "_isVisible": true,
    "_id": "5d7a3f1a68be3b178879707a",
    "_type": "page",
    "_parentId": "5d79f24168be3b1788796ec9",
    "_graphic": {
      "alt": "",
      "src": "course/en/assets/adfa8c0ceb8250eeb0947f8b713f1f7cd63b02be.PNG"
    },
    "_onScreen": {
      "_isEnabled": false,
      "_classes": "",
      "_percentInviewVertical": 50
    }
  }
]