{
  "title": "Project based - Game design with Unity and 3D GameKit",
  "displayTitle": "Project based - Game design with Unity and 3D GameKit",
  "body": "<ul><li>Learn the concepts of game design by using a tool that simplifies the process through predefined objects that do not require coding to create complex interactions.</li><li>This tool is 3DGameKit and it works with one of the most used game design engine called Unity.</li><li>It is, however, an excellent problem solving platform, that will bring the learners closer to understanding the algorithmic logic and, therefore, to learn coding.</li><li>Furthermore, the participants will start creating their own portfolio by publishing their games (final project) to the Google Play Store.</li><li>~ 45 hours in classroom (70% labs) and ~ 30 hours personal work (team final project)</li></ul><p>&nbsp;</p><ul><li>Designed and taught by Patrick ATTIE, <a href=\"mailto:patrick.attie@esih.edu?subject=Course%20on%20Game%20Design%20with%20Unity%20and%203D%20GameKit\">patrick.attie@esih.edu</a></li><li>Ecole Supérieure d'Infotronique d'Haiti (ESIH)</li></ul>",
  "description": "Learn to create a game without coding",
  "_latestTrackingId": 60,
  "_buttons": {
    "_submit": {
      "buttonText": "Submit",
      "ariaLabel": "Submit"
    },
    "_reset": {
      "buttonText": "Reset",
      "ariaLabel": "Reset"
    },
    "_showCorrectAnswer": {
      "buttonText": "Show correct answer",
      "ariaLabel": "Show correct answer"
    },
    "_hideCorrectAnswer": {
      "buttonText": "Hide correct answer",
      "ariaLabel": "Hide correct answer"
    },
    "_showFeedback": {
      "buttonText": "Show feedback",
      "ariaLabel": "Show feedback"
    },
    "remainingAttemptsText": "remaining attempts",
    "remainingAttemptText": "final attempt",
    "disabledAriaLabel": "This button is disabled at the moment"
  },
  "_classes": "",
  "_lockType": "",
  "_id": "course",
  "_start": {
    "_isEnabled": false,
    "_startIds": [],
    "_force": false,
    "_isMenuDisabled": false
  },
  "_globals": {
    "_accessibility": {
      "accessibilityToggleTextOn": "Turn accessibility on?",
      "accessibilityToggleTextOff": "Turn accessibility off?",
      "skipNavigationText": "Skip navigation",
      "_accessibilityInstructions": {
        "touch": "Usage instructions. Use swipe left for next. Use swipe right for previous. Use a double tap to select. Use a two finger slide up to go to the top of the page.",
        "notouch": "Usage instructions. Use tab for next. Use shift tab for previous. Use enter to select. Use escape to go to the top of the page.",
        "ipad": "Usage instructions for touchscreens. Use swipe left for next. Use swipe right for previous. Use a double tap to select. Use a two finger slide up to go to the top of the page. Usage instructions for keyboard access. Use left for next. Use right for previous. Use up and down together to select."
      },
      "_ariaLabels": {
        "navigation": "Course navigation bar",
        "skipNavigation": "Skip Navigation",
        "menuLoaded": "Menu loaded",
        "page": "Page",
        "pageLoaded": "Page loaded",
        "previous": "Back",
        "navigationDrawer": "Open course resources and search",
        "drawer": "Side drawer",
        "closePopup": "Close popup",
        "next": "Next",
        "done": "Done",
        "complete": "Complete",
        "incomplete": "Incomplete",
        "correct": "Correct",
        "incorrect": "Incorrect",
        "locked": "Locked",
        "accessibilityToggleButton": "By selecting this button you can set whether accessibility is turned on or off",
        "feedbackPopUp": "Popup opened",
        "visited": "Visited",
        "menuIndicatorHeading": "Menu item heading "
      }
    },
    "_components": {
      "_text": {
        "ariaRegion": ""
      },
      "_narrative": {
        "ariaRegion": "This component displays an image gallery with accompanying text. Use the next and back navigation controls to work through the narrative."
      },
      "_media": {
        "ariaRegion": "This is a media player component. Select the play / pause button to watch or listen.",
        "transcriptButton": "Alternatively you can select the link below for the transcript."
      },
      "_hotgraphic": {
        "ariaRegion": "Below is a component which allows you to select hot spots over an image. Select a hot spot to trigger a popup that includes an image with display text. Select the close button to close the popup.",
        "ariaPopupLabel": "Hotgraphic popup"
      },
      "_accordion": {
        "ariaRegion": "This component is an accordion comprised of collapsible content panels containing display text. Select the item titles to toggle the visibility of these content panels."
      },
      "_graphic": {
        "ariaRegion": ""
      },
      "_matching": {
        "ariaRegion": "Matching. Select from lists and then submit."
      },
      "_textinput": {
        "ariaRegion": "Text input. Type your answer and then submit."
      },
      "_mcq": {
        "ariaRegion": "This is a multiple choice question. Once you have selected an option, select the submit button below"
      },
      "_gmcq": {
        "ariaRegion": "This is a graphical multiple choice question. Once you have selected an option, select the submit button below."
      },
      "_slider": {
        "ariaRegion": "Slider. Respond to the question by selecting a value on the scale and then submit.",
        "labelStart": "Start of the scale",
        "labelEnd": "End of the scale"
      }
    }
  },
  "_type": "course",
  "themeVariables": {
    "_colors": {
      "primary-color": "#000000",
      "primary-color-inverted": "#ffffff",
      "secondary-color": "#bcb033",
      "secondary-color-inverted": "#ffffff",
      "tertiary-color": "#ffffff",
      "tertiary-color-inverted": "#4b4e4f",
      "quaternary-color": "#ffffff",
      "quaternary-color-inverted": "#ffffff",
      "foreground-color": "#1e1c17",
      "background-color": "#5aaac5",
      "foreground-color-inverted": "#ffffff",
      "background-color-inverted": "#15507c",
      "validation-error": "#f26c4f",
      "validation-success": "#82ca9c",
      "disabled-color": "#727272",
      "disabled-color-inverted": "#cccccc"
    }
  }
}